Datetime,Water Level (m)
2026-06-27 12:00:00,0.1478164
2026-06-27 13:00:00,-0.19354491
2026-06-27 14:00:00,-0.46556878
2026-06-27 15:00:00,-0.50235534
2026-06-27 16:00:00,-0.03014933
2026-06-27 17:00:00,0.46914655
2026-06-27 18:00:00,0.9208144
2026-06-27 19:00:00,1.2382854
2026-06-27 20:00:00,1.3375092
2026-06-27 21:00:00,1.1247033
2026-06-27 22:00:00,0.76534224
2026-06-27 23:00:00,0.35288465
2026-06-28 00:00:00,-0.045424905
2026-06-28 01:00:00,-0.3967164
2026-06-28 02:00:00,-0.6450687
2026-06-28 03:00:00,-0.41303784
2026-06-28 04:00:00,0.22748666
2026-06-28 05:00:00,0.8446161
2026-06-28 06:00:00,1.3964906
2026-06-28 07:00:00,1.7979177
2026-06-28 08:00:00,1.9494597
2026-06-28 09:00:00,1.8125907
2026-06-28 10:00:00,1.425772
2026-06-28 11:00:00,0.9805373
2026-06-28 12:00:00,0.51448417
2026-06-28 13:00:00,0.07276832
2026-06-28 14:00:00,-0.31823224
2026-06-28 15:00:00,-0.5964107
2026-06-28 16:00:00,-0.42192316
2026-06-28 17:00:00,0.18819349
2026-06-28 18:00:00,0.73047245
2026-06-28 19:00:00,1.1803952
2026-06-28 20:00:00,1.439052
2026-06-28 21:00:00,1.4240774
2026-06-28 22:00:00,1.1165987
2026-06-28 23:00:00,0.72183716
2026-06-29 00:00:00,0.28673136
2026-06-29 01:00:00,-0.11504239
2026-06-29 02:00:00,-0.47312382
2026-06-29 03:00:00,-0.68780977
2026-06-29 04:00:00,-0.25521827
2026-06-29 05:00:00,0.43433896
2026-06-29 06:00:00,1.1060503
2026-06-29 07:00:00,1.6573147
2026-06-29 08:00:00,2.0294921
2026-06-29 09:00:00,2.0865865
2026-06-29 10:00:00,1.8035349
2026-06-29 11:00:00,1.3635305
2026-06-29 12:00:00,0.89001614
2026-06-29 13:00:00,0.40863812
2026-06-29 14:00:00,-0.030491361
2026-06-29 15:00:00,-0.40331787
2026-06-29 16:00:00,-0.62901425
2026-06-29 17:00:00,-0.22767581
2026-06-29 18:00:00,0.39402908
2026-06-29 19:00:00,0.9364799
2026-06-29 20:00:00,1.3492559
2026-06-29 21:00:00,1.5308585
2026-06-29 22:00:00,1.3764857
2026-06-29 23:00:00,1.0056211
2026-06-30 00:00:00,0.5791447
2026-06-30 01:00:00,0.136612
2026-06-30 02:00:00,-0.26148152
2026-06-30 03:00:00,-0.5976136
2026-06-30 04:00:00,-0.6376811
2026-06-30 05:00:00,0.010142969
2026-06-30 06:00:00,0.7007075
2026-06-30 07:00:00,1.3543273
2026-06-30 08:00:00,1.8750206
2026-06-30 09:00:00,2.1561313
2026-06-30 10:00:00,2.060327
2026-06-30 11:00:00,1.675429
2026-06-30 12:00:00,1.2004323
2026-06-30 13:00:00,0.7068499
2026-06-30 14:00:00,0.22467923
2026-06-30 15:00:00,-0.21469997
2026-06-30 16:00:00,-0.56137794
2026-06-30 17:00:00,-0.5718826
2026-06-30 18:00:00,0.08293645
2026-06-30 19:00:00,0.68896604
2026-06-30 20:00:00,1.2079191
2026-06-30 21:00:00,1.5406607
2026-06-30 22:00:00,1.5980846
2026-06-30 23:00:00,1.3020619
2026-07-01 00:00:00,0.8984247
2026-07-01 01:00:00,0.4532678
2026-07-01 02:00:00,0.021190263
2026-07-01 03:00:00,-0.3735369
2026-07-01 04:00:00,-0.6694182
2026-07-01 05:00:00,-0.4162224
2026-07-01 06:00:00,0.33257708
2026-07-01 07:00:00,1.0541539
2026-07-01 08:00:00,1.6706164
2026-07-01 09:00:00,2.1006625
2026-07-01 10:00:00,2.22617
2026-07-01 11:00:00,1.9593486
2026-07-01 12:00:00,1.5066602
2026-07-01 13:00:00,1.0124102
2026-07-01 14:00:00,0.51005894
2026-07-01 15:00:00,0.035209216
2026-07-01 16:00:00,-0.37810495
2026-07-01 17:00:00,-0.6527718
2026-07-01 18:00:00,-0.2870995
2026-07-01 19:00:00,0.3859153
2026-07-01 20:00:00,0.98754823
2026-07-01 21:00:00,1.448782
2026-07-01 22:00:00,1.6958472
2026-07-01 23:00:00,1.5980052
2026-07-02 00:00:00,1.2253346
2026-07-02 01:00:00,0.78951526
2026-07-02 02:00:00,0.32582888
2026-07-02 03:00:00,-0.10290513
2026-07-02 04:00:00,-0.47357547
2026-07-02 05:00:00,-0.66339445
2026-07-02 06:00:00,-0.043592896
2026-07-02 07:00:00,0.68459487
2026-07-02 08:00:00,1.3821918
2026-07-02 09:00:00,1.9497875
2026-07-02 10:00:00,2.2729082
2026-07-02 11:00:00,2.206927
2026-07-02 12:00:00,1.8217968
2026-07-02 13:00:00,1.340392
2026-07-02 14:00:00,0.8326982
2026-07-02 15:00:00,0.33300892
2026-07-02 16:00:00,-0.13036984
2026-07-02 17:00:00,-0.49925125
2026-07-02 18:00:00,-0.6048454
2026-07-02 19:00:00,0.0501089
2026-07-02 20:00:00,0.6989321
2026-07-02 21:00:00,1.2663747
2026-07-02 22:00:00,1.6595999
2026-07-02 23:00:00,1.7668128
2026-07-03 00:00:00,1.4961649
2026-07-03 01:00:00,1.0838894
2026-07-03 02:00:00,0.628198
2026-07-03 03:00:00,0.16690467
2026-07-03 04:00:00,-0.24939469
2026-07-03 05:00:00,-0.5846848
2026-07-03 06:00:00,-0.53651565
2026-07-03 07:00:00,0.24248752
2026-07-03 08:00:00,0.97989154
2026-07-03 09:00:00,1.6372383
2026-07-03 10:00:00,2.1155262
2026-07-03 11:00:00,2.3144915
2026-07-03 12:00:00,2.0801523
